IndexHero-es,IndexHero-en,,BioText1-es,BioText1-en,BioText2-es,BioText2-en,Events and Exhibits-es,Events and Exhibits-en,Distinciones-es,Distinciones-en,Publicaciones-es,Publicaciones-en
"<h1 id=""interText3"" class=""display-1 smaller w-node-e7340a6e-1bcc-c290-4d7f-3d218e46d0c0-73323a60"">Artista
              &amp; diseñador, combina <span id=""interText3"" class=""display-1 bold c1"">animación</span>, <span
                id=""interText3"" class=""display-1 bold c2"">diseño</span>, <span id=""interText3""
                class=""display-1 bold c3"">programación</span>, y <span id=""interText3"" class=""display-1 bold c4"">dirección
                creativa</span> para crear universos visuales.<br>‍<br>Experiencia en identidad de marca,
              producion audiovisual, instalaciones interactivas y diseño de experiencias en vivo.<br></h1>","<h1 id=""interText3"" class=""display-1 smaller w-node-e7340a6e-1bcc-c290-4d7f-3d218e46d0c0-73323a60"">Artist
              &amp; designer, combines <span id=""interText3"" class=""display-1 bold c1"">motion</span>, <span
                id=""interText3"" class=""display-1 bold c2"">design</span>, <span id=""interText3""
                class=""display-1 bold c3"">coding</span>, and <span id=""interText3"" class=""display-1 bold c4"">creative
                direction</span> to shape distinctive visual worlds.<br>‍<br>Whether it’s designing a brand identity,
              producing a motion piece, interactive installations, or building fully live experiences.<br></h1>",,"Diseñador con énfasis en Comunicación y Maestro en Arte con énfasis en Medios Electrónicos y Artes del Tiempo de la Universidad de los Andes, con más de 10 años de experiencia en dirección de arte, teatro, cine, animación, educación y ciencia.

En su obra busca explorar la materialidad del píxel y la tecnología para el aprovechamiento de estructuras de datos en la creación de entornos físicos y digitales interactivos. Ha trabajado en diferentes proyectos individuales y colectivos a nivel nacional e internacional desarrollando proyectos artísticos y de diseño interdisciplinares.

Experiencia en gestión de proyectos audiovisuales y desarrollo de pipeline en animación 3D y 2D para la optimización de procesos técnicos y creativos.

Explora cómo el mundo material puede ser traducido en estructuras de datos e interpretado en un entorno digital en el que la información que constantemente producimos puede ser usada para la creación. Le interesan las dinámicas que modifican cómo interactuamos en diversos entornos virtuales y la maleabilidad que permiten las nuevas tecnologías creando nuevas dinámicas y reflexiones sobre la identidad virtual.","A designer specializing in Communication and an artist holding a Master’s degree in Art (with a focus on Electronic Media and Time-Based Arts) from the Universidad de los Andes, he possesses over 10 years of experience across art direction, theater, film, animation, education, and science.

His work explores the materiality of the pixel and the use of data structures to create interactive physical and digital environments. He has contributed to various individual and collaborative projects—both nationally and internationally—developing interdisciplinary art and design initiatives.

He has experience in audiovisual project management and pipeline development for 3D and 2D animation, focusing on the optimization of technical and creative processes.

He explores how the material world can be translated into data structures and interpreted within a digital environment, where the information we constantly generate can be harnessed for creative purposes. He is interested in the dynamics that shape our interactions within diverse virtual environments and the malleability afforded by new technologies, which foster new dynamics and reflections regarding virtual identity.","Experiencia con fotogrametría 3D para levantamiento de terrenos y espacios arqueológicos.

Experiencia en Maya, 3ds Max, Cinema 4d, blender, substance painter, zbrush, premiere y after effects.

Como también programas en tiempo real como touchdesigner y unreal engine, para producciones audiovisuales, videojuegos,  instalaciones interactivas, experiencias inmersivas en domo, VR y Xr. Programación creativa. Software de render como redshift, Vray y Arnold.","Experience with 3D photogrammetry for surveying terrain and archaeological sites.

Experience with Maya, 3ds Max, Cinema 4D, Blender, Substance Painter, ZBrush, Premiere, and After Effects.

Also experienced with real-time software such as TouchDesigner and Unreal Engine for audiovisual productions, video games, interactive installations, and immersive experiences (dome, VR, and XR). Creative programming. Rendering software including Redshift, V-Ray, and Arnold.","Eventos y Exhibiciones
- Festival Estereo Picnic 2026 - Diseño visual y visuales en vivo para Zarigueya. Junto con Nicolas Gamba

‍- Visuales en vivo ASCII sound Experience - Planetario de Bogotá - 2025. Colectivo Ebra. Julian Angarita y Nicolas Gamba.

‍- Visuales en vivo La cruzada de los niños nómadas - Teatro de Occidente - 2025. Sala Fanny Mikey en el Centro Nacional de la Artes Delia Zapata Olivella

- Gira por Colombia con la Filarmonica Joven de Colombia (INQUEBRANTABLES) 2024 - Colectivo Metanoia - Julián Angarita Bernal, Nicolás Gamba, Sergio Mantilla. Dirección creativa visual y Diseño De iluminación para la Sinfonía no. 2 en mi menor, Op. 27 de Rachmaninov.

- Festival Estereo Picnic 2024 - Diseño visual y diseño de iluminación para Okraa. Sebastian Londoño, Julián Angarita Bernal, Sergio Mantilla.

‍- IN/CORPO/DATA 2024 - Laboratorista junto a Catalina Alvarado y Danilo García en el laboratorio de construcción de biosensores y exploración creativa de las señales en Plataforma Bogotá.

- Incredible motion machine toolkit 2024 - Instructor junto a Nicolas Varela. Taller de motion graphics en After Effects.

- Carnaval Digital 2022 - Proyecto ""Soul Room"" - Julián Angarita Bernal, Nicolás Gamba, Mario Carrascal, Andrés Sereno, Jorge Álvarez

- Exposición Artificio 2023 - Fundación Gilberto Alzate Avendaño )FUGA) - Proyecto ""Marte"" - Julián Angarita Bernal.

- Milano Design Week 2022, Milán, Italia - Proyecto Teatropedia -María Del Sol Peralta, Julián Angarita Bernal, Isabella Londoño Parra, equipo de innovación social y Equipo de comunicaciones del Teatro Mayor Julio Mario Santo Domingo.

- Engage 2022  - RE-ND-ER-ED - 3 piezas audiovisuales (Marte, Azul y anemona) para la exhibición - Experimental immersive art projects embodied both in physical and digital spaces. www.re-nd-er-ed.co.uk

- Loading festival IDAM Miami, USA - Miami Art Week 2021 - QR code Show SCAM ME - 3D Crystals

- EXPOSICIÓN PREMIO UNIANDINO A LAS ARTES - GALERÍA ESPACIO ALTERNO 2020- Proyecto Confinamiento expandido con Nicolás Gamba y Mario Carrascal

- EXPOSICIÓN COLECTIVA OVERWRITE Galería Espacio Alterno 2019 - Curaduría Sergio Mantilla

- EXPOSICIÓN INTANGIBLES - Cinemateca de bogotá Consultoria en tecnologia, programación y seguimiento de obras interactivas - Fundación Telefonica, Idartes y la fundación Arteria.

- FILE FESTIVAL, ELECTRONIC LANGUAGE INTERNATIONAL FESTIVAL. SAO PAULO, BRASIL - LED show 2019 - Glitch Depth Studies con Articular LAB / Sergio Mantilla - Julian Angarita Bernal

- FESTIVAL DANZA EN LA CIUDAD 2018 - Proyecto “Interfaz” - con Colectivo EMA

- LOOP 54 RADIÓNICA 2018 -  Mapping Fachada RTVC / Experiencia Audiovisual - con Sergio Mantilla

- EXPOSICIÓN INDIVIDUAL / SALA DE PROYECTOS UNIVERSIDAD DE LOS ANDES 2017 - Proyecto “Hierofanía” - con Paula Andrade

- FESTIVAL ARTTEC 2017 - Proyecto S.C.F con Sergio Mantilla / LIA Laboratorio Interdisciplinar para las Artes

- SALÓN DE ARTE Y TECNOLOGÍA VOLTAJE 2016 - Homúnculos - curaduría BIT

- Salón Séneca Universidad de los Andes 2017 - Proyecto “Que es un Extintor?” con Paula Andrade

- VOLARÁN / SALA DE EXPOSICIONES EDIFICIO JULIO MARIO SANTO DOMINGO 2016 - Proyecto “ASTER”

- ANDANDO / SALA DE EXPOSICIONES EDIFICIO JULIO MARIO SANTO DOMINGO / UNIVERSIDAD DE LOS ANDES 2014 - Proyecto“Entanglement” - con Natalia Ardila Torres y Samuel Sánchez.","Events y Exhibits
- Festival Estereo Picnic 2026 - Diseño visual y visuales en vivo para Zarigueya. Junto con Nicolas Gamba

‍- Visuales en vivo ASCII sound Experience - Planetario de Bogotá - 2025. Colectivo Ebra. Julian Angarita y Nicolas Gamba.

‍- Visuales en vivo La cruzada de los niños nómadas - Teatro de Occidente - 2025. Sala Fanny Mikey en el Centro Nacional de la Artes Delia Zapata Olivella

- Gira por Colombia con la Filarmonica Joven de Colombia (INQUEBRANTABLES) 2024 - Colectivo Metanoia - Julián Angarita Bernal, Nicolás Gamba, Sergio Mantilla. Dirección creativa visual y Diseño De iluminación para la Sinfonía no. 2 en mi menor, Op. 27 de Rachmaninov.

- Festival Estereo Picnic 2024 - Diseño visual y diseño de iluminación para Okraa. Sebastian Londoño, Julián Angarita Bernal, Sergio Mantilla.

‍- IN/CORPO/DATA 2024 - Laboratorista junto a Catalina Alvarado y Danilo García en el laboratorio de construcción de biosensores y exploración creativa de las señales en Plataforma Bogotá.

- Incredible motion machine toolkit 2024 - Instructor junto a Nicolas Varela. Taller de motion graphics en After Effects.

- Carnaval Digital 2022 - Proyecto ""Soul Room"" - Julián Angarita Bernal, Nicolás Gamba, Mario Carrascal, Andrés Sereno, Jorge Álvarez

- Exposición Artificio 2023 - Fundación Gilberto Alzate Avendaño )FUGA) - Proyecto ""Marte"" - Julián Angarita Bernal.

- Milano Design Week 2022, Milán, Italia - Proyecto Teatropedia -María Del Sol Peralta, Julián Angarita Bernal, Isabella Londoño Parra, equipo de innovación social y Equipo de comunicaciones del Teatro Mayor Julio Mario Santo Domingo.

- Engage 2022  - RE-ND-ER-ED - 3 piezas audiovisuales (Marte, Azul y anemona) para la exhibición - Experimental immersive art projects embodied both in physical and digital spaces. www.re-nd-er-ed.co.uk

- Loading festival IDAM Miami, USA - Miami Art Week 2021 - QR code Show SCAM ME - 3D Crystals

- EXPOSICIÓN PREMIO UNIANDINO A LAS ARTES - GALERÍA ESPACIO ALTERNO 2020- Proyecto Confinamiento expandido con Nicolás Gamba y Mario Carrascal

- EXPOSICIÓN COLECTIVA OVERWRITE Galería Espacio Alterno 2019 - Curaduría Sergio Mantilla

- EXPOSICIÓN INTANGIBLES - Cinemateca de bogotá Consultoria en tecnologia, programación y seguimiento de obras interactivas - Fundación Telefonica, Idartes y la fundación Arteria.

- FILE FESTIVAL, ELECTRONIC LANGUAGE INTERNATIONAL FESTIVAL. SAO PAULO, BRASIL - LED show 2019 - Glitch Depth Studies con Articular LAB / Sergio Mantilla - Julian Angarita Bernal

- FESTIVAL DANZA EN LA CIUDAD 2018 - Proyecto “Interfaz” - con Colectivo EMA

- LOOP 54 RADIÓNICA 2018 -  Mapping Fachada RTVC / Experiencia Audiovisual - con Sergio Mantilla

- EXPOSICIÓN INDIVIDUAL / SALA DE PROYECTOS UNIVERSIDAD DE LOS ANDES 2017 - Proyecto “Hierofanía” - con Paula Andrade

- FESTIVAL ARTTEC 2017 - Proyecto S.C.F con Sergio Mantilla / LIA Laboratorio Interdisciplinar para las Artes

- SALÓN DE ARTE Y TECNOLOGÍA VOLTAJE 2016 - Homúnculos - curaduría BIT

- Salón Séneca Universidad de los Andes 2017 - Proyecto “Que es un Extintor?” con Paula Andrade

- VOLARÁN / SALA DE EXPOSICIONES EDIFICIO JULIO MARIO SANTO DOMINGO 2016 - Proyecto “ASTER”

- ANDANDO / SALA DE EXPOSICIONES EDIFICIO JULIO MARIO SANTO DOMINGO / UNIVERSIDAD DE LOS ANDES 2014 - Proyecto“Entanglement” - con Natalia Ardila Torres y Samuel Sánchez.","Distinciones
‍‍- Ganador X Premio Uniandino a las Artes 2020 – proyecto Confinamiento expandido con Nicolas Gamba y Mario Carrascal

- Primer Puesto Premio Salón Séneca Universidad de los Andes 2015 - Proyecto “Qué es un extintor?” con Paula Andrade","Distinctions
‍‍- Ganador X Premio Uniandino a las Artes 2020 – proyecto Confinamiento expandido con Nicolas Gamba y Mario Carrascal

- Primer Puesto Premio Salón Séneca Universidad de los Andes 2015 - Proyecto “Qué es un extintor?” con Paula Andrade","Publicaciones
‍‍- Revista Avenida ed. 13 - 2022 - Un universo Latinoamericano en 3D - https://issuu.com/revistavenida/docs/decimoterceraedicion

‍- Revista Exclama ed 38 - 2018 - Especial de artistas contemporáneos - proyecto homúnculos 2017- La Fábrica - Proyecto ""Entanglement"" con Natalia Ardila Torres y Samuel Sánchez / Facultad de Artes y Humanidades 2014

- La Fábrica - Proyecto ""Entanglement"" con Natalia Ardila Torres y Samuel Sánchez / Facultad de Artes y Humanidades 2014","Publications
‍‍- Revista Avenida ed. 13 - 2022 - Un universo Latinoamericano en 3D - https://issuu.com/revistavenida/docs/decimoterceraedicion

‍- Revista Exclama ed 38 - 2018 - Especial de artistas contemporáneos - proyecto homúnculos 2017- La Fábrica - Proyecto ""Entanglement"" con Natalia Ardila Torres y Samuel Sánchez / Facultad de Artes y Humanidades 2014

- La Fábrica - Proyecto ""Entanglement"" con Natalia Ardila Torres y Samuel Sánchez / Facultad de Artes y Humanidades 2014"